participantId,condition,trialIndex,stage,mode,reason,elapsedMs,elapsedSec,hiddenFoundCount,hiddenTotalCount,positionError,cameraErrorDeg,totalRepositions,repositionCounts
P-20260328-DC39,mouse-only,0,mouse-running,structure-build,structure-complete,11576.800000011921,11.577,5,5,0,,6,"[1,1,2,1,1]"
P-20260329-KA7W,mouse-only,0,mouse-running,structure-build,structure-complete,31038,31.038,5,5,0,,7,"[0,1,1,2,3]"
P-20260329-KA7W,mouse-only,1,mouse-running,structure-build,structure-complete,20581,20.581,5,5,0,,6,"[1,1,1,1,2]"
P-20260329-KA7W,mouse-only,2,mouse-running,structure-build,structure-complete,13698,13.698,5,5,0,,5,"[1,1,1,1,1]"
P-20260329-KA7W,mouse-only,3,mouse-running,structure-build,structure-complete,44270,44.270,5,5,0,,19,"[5,4,3,4,3]"
P-20260329-KA7W,mouse-only,4,mouse-running,structure-build,structure-complete,23542,23.542,5,5,0,,8,"[1,3,1,2,1]"
P-20260329-KA7W,mouse-only,5,mouse-running,structure-build,structure-complete,16406,16.406,5,5,0,,8,"[1,1,2,2,2]"
P-20260329-KA7W,mouse-only,6,mouse-running,structure-build,structure-complete,35841,35.841,5,5,0,,10,"[1,2,3,3,1]"
P-20260329-KA7W,mouse-only,7,mouse-running,structure-build,structure-complete,48298,48.298,5,5,0,,8,"[2,1,1,2,2]"
P-20260329-KA7W,mouse-only,8,mouse-running,structure-build,structure-complete,23583,23.583,5,5,0,,6,"[1,2,1,1,1]"
P-20260329-KA7W,mouse-only,9,mouse-running,structure-build,structure-complete,41162,41.162,5,5,0,,8,"[1,2,2,1,2]"
P-20260329-KA7W,mouse-only,10,mouse-running,structure-build,structure-complete,25516,25.516,5,5,0,,7,"[2,1,1,2,1]"
P-20260329-KA7W,mouse-only,11,mouse-running,structure-build,structure-complete,17927,17.927,5,5,0,,7,"[1,2,1,2,1]"
P-20260329-KA7W,head-mouse,0,head-running,structure-build,structure-complete,24063,24.063,5,5,0,,10,"[4,1,1,1,3]"
P-20260329-KA7W,head-mouse,1,head-running,structure-build,timeout,90000,90.000,1,5,4,,9,"[2,1,1,2,3]"
P-20260329-KA7W,head-mouse,2,head-running,structure-build,structure-complete,46031,46.031,5,5,0,,12,"[3,3,2,2,2]"
P-20260329-KA7W,head-mouse,3,head-running,structure-build,structure-complete,22982,22.982,5,5,0,,7,"[2,1,1,1,2]"
P-20260329-KA7W,head-mouse,4,head-running,structure-build,structure-complete,19088,19.088,5,5,0,,5,"[1,1,1,1,1]"
P-20260329-KA7W,head-mouse,5,head-running,structure-build,structure-complete,51379,51.379,5,5,0,,12,"[2,3,4,2,1]"
P-20260329-KA7W,head-mouse,6,head-running,structure-build,structure-complete,18554,18.554,5,5,0,,4,"[1,1,1,1,0]"
P-20260329-KA7W,head-mouse,7,head-running,structure-build,structure-complete,18274,18.274,5,5,0,,7,"[2,1,2,1,1]"
P-20260329-KA7W,head-mouse,8,head-running,structure-build,structure-complete,32559,32.559,5,5,0,,8,"[2,1,2,2,1]"
P-20260329-KA7W,head-mouse,9,head-running,structure-build,structure-complete,62917,62.917,5,5,0,,8,"[2,1,1,2,2]"
P-20260329-KA7W,head-mouse,10,head-running,structure-build,structure-complete,24783,24.783,5,5,0,,7,"[1,1,1,2,2]"
P-20260329-KA7W,head-mouse,11,head-running,structure-build,structure-complete,29371,29.371,5,5,0,,9,"[2,2,1,2,2]"
P-20260330-PFBZ,head-mouse,0,head-running,structure-build,structure-complete,46567,46.567,5,5,0,,12,"[3,2,3,2,2]"
P-20260330-PFBZ,head-mouse,1,head-running,structure-build,structure-complete,70600,70.600,5,5,0,,8,"[3,1,1,2,1]"
P-20260330-PFBZ,head-mouse,2,head-running,structure-build,timeout,90000,90.000,3,5,2,,11,"[2,2,2,2,3]"
P-20260330-PFBZ,head-mouse,3,head-running,structure-build,timeout,90000,90.000,4,5,1,,8,"[2,1,2,2,1]"
P-20260330-PFBZ,head-mouse,4,head-running,structure-build,timeout,90000,90.000,3,5,2,,16,"[4,2,4,4,2]"
P-20260330-PFBZ,head-mouse,5,head-running,structure-build,structure-complete,39666,39.666,5,5,0,,5,"[1,1,1,1,1]"
P-20260330-PFBZ,head-mouse,6,head-running,structure-build,timeout,90000,90.000,2,5,3,,18,"[5,2,5,3,3]"
P-20260330-PFBZ,head-mouse,7,head-running,structure-build,timeout,90000,90.000,4,5,1,,10,"[1,2,2,2,3]"
P-20260330-PFBZ,head-mouse,8,head-running,structure-build,structure-complete,26331,26.331,5,5,0,,6,"[1,1,1,2,1]"
P-20260330-PFBZ,head-mouse,9,head-running,structure-build,structure-complete,16871,16.871,5,5,0,,6,"[1,1,2,1,1]"
P-20260330-PFBZ,head-mouse,10,head-running,structure-build,structure-complete,20634,20.634,5,5,0,,4,"[1,1,1,1,0]"
P-20260330-PFBZ,head-mouse,11,head-running,structure-build,structure-complete,56066,56.066,5,5,0,,7,"[2,1,1,2,1]"
P-20260331-3VRL,mouse-only,0,mouse-running,structure-build,structure-complete,12907,12.907,5,5,0,,8,"[2,1,2,2,1]"
P-20260331-3VRL,mouse-only,1,mouse-running,structure-build,structure-complete,19643,19.643,5,5,0,,12,"[0,3,4,2,3]"
P-20260331-3VRL,mouse-only,2,mouse-running,structure-build,structure-complete,13586,13.586,5,5,0,,8,"[0,1,2,3,2]"
P-20260331-3VRL,mouse-only,3,mouse-running,structure-build,structure-complete,9885,9.885,5,5,0,,5,"[1,1,1,2,0]"
P-20260331-3VRL,mouse-only,4,mouse-running,structure-build,structure-complete,10127,10.127,5,5,0,,7,"[1,1,1,3,1]"
P-20260331-3VRL,mouse-only,5,mouse-running,structure-build,structure-complete,12895,12.895,5,5,0,,9,"[2,0,2,4,1]"
P-20260331-3VRL,mouse-only,6,mouse-running,structure-build,structure-complete,13569,13.569,5,5,0,,7,"[2,1,1,3,0]"
P-20260331-3VRL,mouse-only,7,mouse-running,structure-build,structure-complete,12483,12.483,5,5,0,,7,"[2,1,1,2,1]"
P-20260331-3VRL,mouse-only,8,mouse-running,structure-build,structure-complete,11050,11.050,5,5,0,,7,"[0,2,2,2,1]"
P-20260331-3VRL,mouse-only,9,mouse-running,structure-build,structure-complete,14472,14.472,5,5,0,,7,"[1,0,2,3,1]"
P-20260331-3VRL,mouse-only,10,mouse-running,structure-build,structure-complete,59114,59.114,5,5,0,,17,"[4,1,2,3,7]"
P-20260331-3VRL,mouse-only,11,mouse-running,structure-build,structure-complete,18739,18.739,5,5,0,,10,"[1,2,2,3,2]"
P-20260331-3VRL,head-mouse,0,head-running,structure-build,structure-complete,12969,12.969,5,5,0,,7,"[1,1,2,2,1]"
P-20260331-3VRL,head-mouse,1,head-running,structure-build,structure-complete,15884,15.884,5,5,0,,6,"[0,2,1,2,1]"
P-20260331-3VRL,head-mouse,2,head-running,structure-build,structure-complete,19391,19.391,5,5,0,,9,"[1,2,3,2,1]"
P-20260331-3VRL,head-mouse,3,head-running,structure-build,structure-complete,57060,57.060,5,5,0,,12,"[3,2,3,3,1]"
P-20260331-3VRL,head-mouse,4,head-running,structure-build,structure-complete,10557,10.557,5,5,0,,6,"[0,2,1,2,1]"
P-20260331-3VRL,head-mouse,5,head-running,structure-build,structure-complete,26182,26.182,5,5,0,,16,"[2,5,2,3,4]"
P-20260331-3VRL,head-mouse,6,head-running,structure-build,structure-complete,11822,11.822,5,5,0,,8,"[1,2,2,2,1]"
P-20260331-3VRL,head-mouse,7,head-running,structure-build,structure-complete,37710,37.710,5,5,0,,18,"[3,3,6,3,3]"
P-20260331-3VRL,head-mouse,8,head-running,structure-build,structure-complete,35295,35.295,5,5,0,,13,"[2,5,3,2,1]"
P-20260331-3VRL,head-mouse,9,head-running,structure-build,structure-complete,12062,12.062,5,5,0,,5,"[1,0,2,1,1]"
P-20260331-3VRL,head-mouse,10,head-running,structure-build,structure-complete,14750,14.750,5,5,0,,10,"[1,2,3,3,1]"
P-20260331-3VRL,head-mouse,11,head-running,structure-build,structure-complete,24584,24.584,5,5,0,,13,"[2,2,4,3,2]"
P-20260331-7JB9,head-mouse,0,head-running,structure-build,structure-complete,86532,86.532,5,5,0,,22,"[4,5,3,4,6]"
P-20260331-7JB9,head-mouse,1,head-running,structure-build,timeout,90000,90.000,3,5,2,,16,"[3,4,2,3,4]"
P-20260331-7JB9,head-mouse,2,head-running,structure-build,timeout,90000,90.000,4,5,1,,10,"[2,2,2,2,2]"
P-20260331-7JB9,head-mouse,3,head-running,structure-build,structure-complete,43151,43.151,5,5,0,,10,"[2,3,2,1,2]"
P-20260331-7JB9,head-mouse,4,head-running,structure-build,structure-complete,27041,27.041,5,5,0,,6,"[0,1,1,3,1]"
P-20260331-7JB9,head-mouse,5,head-running,structure-build,structure-complete,19461,19.461,5,5,0,,6,"[2,1,1,1,1]"
P-20260331-7JB9,head-mouse,6,head-running,structure-build,structure-complete,38294,38.294,5,5,0,,16,"[2,3,3,1,7]"
P-20260331-7JB9,head-mouse,7,head-running,structure-build,structure-complete,21642,21.642,5,5,0,,4,"[0,1,1,1,1]"
P-20260331-7JB9,head-mouse,8,head-running,structure-build,structure-complete,17832,17.832,5,5,0,,5,"[1,1,1,1,1]"
P-20260331-7JB9,head-mouse,9,head-running,structure-build,structure-complete,27874,27.874,5,5,0,,10,"[2,2,3,1,2]"
P-20260331-7JB9,head-mouse,10,head-running,structure-build,structure-complete,20389,20.389,5,5,0,,7,"[2,1,1,1,2]"
P-20260331-7JB9,head-mouse,11,head-running,structure-build,structure-complete,21950,21.950,5,5,0,,7,"[2,2,1,1,1]"
P-20260331-8RCT,mouse-only,0,mouse-running,structure-build,timeout,90000,90.000,3,5,2,,6,"[2,1,1,2,0]"
P-20260331-8RCT,mouse-only,1,mouse-running,structure-build,timeout,90000,90.000,1,5,4,,8,"[1,3,3,1,0]"
P-20260331-8RCT,mouse-only,2,mouse-running,structure-build,structure-complete,33553,33.553,5,5,0,,4,"[0,1,1,1,1]"
P-20260331-8RCT,mouse-only,3,mouse-running,structure-build,structure-complete,30432,30.432,5,5,0,,5,"[1,1,1,1,1]"
P-20260331-8RCT,mouse-only,4,mouse-running,structure-build,structure-complete,29605,29.605,5,5,0,,7,"[2,1,2,2,0]"
P-20260331-8RCT,mouse-only,5,mouse-running,structure-build,structure-complete,49597,49.597,5,5,0,,7,"[1,1,2,1,2]"
P-20260331-8RCT,mouse-only,6,mouse-running,structure-build,timeout,90000,90.000,3,5,2,,14,"[2,3,3,5,1]"
P-20260331-8RCT,mouse-only,7,mouse-running,structure-build,structure-complete,88633,88.633,5,5,0,,8,"[2,1,2,2,1]"
P-20260331-8RCT,mouse-only,8,mouse-running,structure-build,structure-complete,29333,29.333,5,5,0,,4,"[0,1,1,1,1]"
P-20260331-8RCT,mouse-only,9,mouse-running,structure-build,timeout,90000,90.000,3,5,2,,19,"[3,4,4,4,4]"
P-20260331-8RCT,mouse-only,10,mouse-running,structure-build,structure-complete,38762,38.762,5,5,0,,6,"[1,1,2,2,0]"
P-20260331-8RCT,mouse-only,11,mouse-running,structure-build,structure-complete,41263,41.263,5,5,0,,9,"[1,2,4,1,1]"
P-20260331-8RCT,head-mouse,0,head-running,structure-build,timeout,90000,90.000,4,5,1,,11,"[1,2,3,3,2]"
P-20260331-8RCT,head-mouse,1,head-running,structure-build,timeout,90000,90.000,4,5,1,,9,"[2,2,2,2,1]"
P-20260331-8RCT,head-mouse,2,head-running,structure-build,structure-complete,45738,45.738,5,5,0,,10,"[3,1,2,2,2]"
P-20260331-8RCT,head-mouse,3,head-running,structure-build,structure-complete,53804,53.804,5,5,0,,8,"[2,2,2,1,1]"
P-20260331-8RCT,head-mouse,4,head-running,structure-build,structure-complete,30413,30.413,5,5,0,,7,"[2,1,2,2,0]"
P-20260331-8RCT,head-mouse,5,head-running,structure-build,structure-complete,49596,49.596,5,5,0,,9,"[1,2,1,1,4]"
P-20260331-8RCT,head-mouse,6,head-running,structure-build,structure-complete,41596,41.596,5,5,0,,6,"[1,1,1,2,1]"
P-20260331-8RCT,head-mouse,7,head-running,structure-build,timeout,90000,90.000,3,5,2,,18,"[1,6,8,2,1]"
P-20260331-8RCT,head-mouse,8,head-running,structure-build,structure-complete,33413,33.413,5,5,0,,5,"[0,1,2,1,1]"
P-20260331-8RCT,head-mouse,9,head-running,structure-build,timeout,90000,90.000,4,5,1,,13,"[2,4,1,3,3]"
P-20260331-8RCT,head-mouse,10,head-running,structure-build,structure-complete,87047,87.047,5,5,0,,11,"[6,1,1,1,2]"
P-20260331-8RCT,head-mouse,11,head-running,structure-build,structure-complete,28487,28.487,5,5,0,,7,"[1,2,1,1,2]"
P-20260331-R46C,mouse-only,0,mouse-running,structure-build,structure-complete,35461,35.461,5,5,0,,5,"[1,1,1,1,1]"
P-20260331-R46C,mouse-only,1,mouse-running,structure-build,timeout,90000,90.000,0,5,5,,9,"[1,2,4,1,1]"
P-20260331-R46C,mouse-only,2,mouse-running,structure-build,structure-complete,64860,64.860,5,5,0,,10,"[2,3,2,1,2]"
P-20260331-R46C,mouse-only,3,mouse-running,structure-build,structure-complete,45121,45.121,5,5,0,,7,"[2,2,1,1,1]"
P-20260331-R46C,mouse-only,4,mouse-running,structure-build,structure-complete,31189,31.189,5,5,0,,7,"[0,2,2,1,2]"
P-20260331-R46C,mouse-only,5,mouse-running,structure-build,structure-complete,41691,41.691,5,5,0,,9,"[3,1,1,1,3]"
P-20260331-R46C,mouse-only,6,mouse-running,structure-build,structure-complete,68671,68.671,5,5,0,,7,"[3,1,1,1,1]"
P-20260331-R46C,mouse-only,7,mouse-running,structure-build,structure-complete,38176,38.176,5,5,0,,5,"[1,1,2,1,0]"
P-20260331-R46C,mouse-only,8,mouse-running,structure-build,structure-complete,24217,24.217,5,5,0,,4,"[1,1,1,1,0]"
P-20260331-R46C,mouse-only,9,mouse-running,structure-build,structure-complete,63079,63.079,5,5,0,,13,"[1,3,2,5,2]"
P-20260331-R46C,mouse-only,10,mouse-running,structure-build,structure-complete,37702,37.702,5,5,0,,8,"[1,2,2,2,1]"
P-20260331-R46C,mouse-only,11,mouse-running,structure-build,structure-complete,27794,27.794,5,5,0,,5,"[1,1,1,1,1]"
P-20260331-R46C,head-mouse,0,head-running,structure-build,structure-complete,46481,46.481,5,5,0,,11,"[3,2,2,1,3]"
P-20260331-R46C,head-mouse,1,head-running,structure-build,structure-complete,45697,45.697,5,5,0,,8,"[2,2,1,2,1]"
P-20260331-R46C,head-mouse,2,head-running,structure-build,structure-complete,29363,29.363,5,5,0,,6,"[1,1,2,1,1]"
P-20260331-R46C,head-mouse,3,head-running,structure-build,structure-complete,43089,43.089,5,5,0,,7,"[1,2,2,1,1]"
P-20260331-R46C,head-mouse,4,head-running,structure-build,timeout,90000,90.000,0,5,5,,9,"[4,1,2,1,1]"
P-20260331-R46C,head-mouse,5,head-running,structure-build,structure-complete,46482,46.482,5,5,0,,13,"[3,3,3,1,3]"
P-20260331-R46C,head-mouse,6,head-running,structure-build,structure-complete,28725,28.725,5,5,0,,9,"[2,2,2,2,1]"
P-20260331-R46C,head-mouse,7,head-running,structure-build,structure-complete,23071,23.071,5,5,0,,5,"[1,2,1,1,0]"
P-20260331-R46C,head-mouse,8,head-running,structure-build,structure-complete,23272,23.272,5,5,0,,6,"[0,1,2,2,1]"
P-20260331-R46C,head-mouse,9,head-running,structure-build,structure-complete,56337,56.337,5,5,0,,10,"[2,2,1,2,3]"
P-20260331-R46C,head-mouse,10,head-running,structure-build,structure-complete,40531,40.531,5,5,0,,7,"[1,2,2,1,1]"
P-20260331-R46C,head-mouse,11,head-running,structure-build,structure-complete,30579,30.579,5,5,0,,11,"[2,2,2,4,1]"
P-20260331-UJX2,mouse-only,0,mouse-running,structure-build,structure-complete,24833,24.833,5,5,0,,7,"[1,2,2,1,1]"
P-20260331-UJX2,mouse-only,1,mouse-running,structure-build,structure-complete,25966,25.966,5,5,0,,9,"[3,2,1,1,2]"
P-20260331-UJX2,mouse-only,2,mouse-running,structure-build,structure-complete,31466,31.466,5,5,0,,9,"[1,1,2,3,2]"
P-20260331-UJX2,mouse-only,3,mouse-running,structure-build,structure-complete,56600,56.600,5,5,0,,17,"[4,3,1,1,8]"
P-20260331-UJX2,mouse-only,4,mouse-running,structure-build,structure-complete,49269,49.269,5,5,0,,11,"[2,3,2,2,2]"
P-20260331-UJX2,mouse-only,5,mouse-running,structure-build,timeout,90000,90.000,3,5,2,,15,"[1,2,1,2,9]"
P-20260331-UJX2,mouse-only,6,mouse-running,structure-build,structure-complete,44131,44.131,5,5,0,,8,"[1,2,2,2,1]"
P-20260331-UJX2,mouse-only,7,mouse-running,structure-build,timeout,90000,90.000,3,5,2,,19,"[6,4,4,4,1]"
P-20260331-UJX2,mouse-only,8,mouse-running,structure-build,structure-complete,30700,30.700,5,5,0,,10,"[1,3,2,2,2]"
P-20260331-UJX2,mouse-only,9,mouse-running,structure-build,structure-complete,20766,20.766,5,5,0,,5,"[1,2,1,1,0]"
P-20260331-UJX2,mouse-only,10,mouse-running,structure-build,structure-complete,17599,17.599,5,5,0,,5,"[1,1,1,1,1]"
P-20260331-UJX2,mouse-only,11,mouse-running,structure-build,structure-complete,20865,20.865,5,5,0,,7,"[1,1,2,2,1]"
P-20260331-ZHVR,mouse-only,0,mouse-running,structure-build,structure-complete,55666,55.666,5,5,0,,11,"[1,2,4,2,2]"
P-20260331-ZHVR,mouse-only,1,mouse-running,structure-build,structure-complete,36185,36.185,5,5,0,,7,"[2,1,2,1,1]"
P-20260331-ZHVR,mouse-only,2,mouse-running,structure-build,structure-complete,31102,31.102,5,5,0,,10,"[4,2,1,1,2]"
P-20260331-ZHVR,mouse-only,3,mouse-running,structure-build,structure-complete,25227,25.227,5,5,0,,9,"[2,2,2,1,2]"
P-20260331-ZHVR,mouse-only,4,mouse-running,structure-build,structure-complete,62058,62.058,5,5,0,,12,"[5,2,2,1,2]"
P-20260331-ZHVR,mouse-only,5,mouse-running,structure-build,structure-complete,27566,27.566,5,5,0,,9,"[2,2,2,1,2]"
P-20260331-ZHVR,mouse-only,6,mouse-running,structure-build,structure-complete,35992,35.992,5,5,0,,9,"[1,2,2,2,2]"
P-20260331-ZHVR,mouse-only,7,mouse-running,structure-build,structure-complete,23160,23.160,5,5,0,,7,"[1,2,2,1,1]"
P-20260331-ZHVR,mouse-only,8,mouse-running,structure-build,structure-complete,22218,22.218,5,5,0,,6,"[1,1,2,1,1]"
P-20260331-ZHVR,mouse-only,9,mouse-running,structure-build,structure-complete,19969,19.969,5,5,0,,7,"[0,2,2,1,2]"
P-20260331-ZHVR,mouse-only,10,mouse-running,structure-build,structure-complete,25884,25.884,5,5,0,,6,"[1,1,2,1,1]"
P-20260331-ZHVR,mouse-only,11,mouse-running,structure-build,structure-complete,24015,24.015,5,5,0,,9,"[3,2,1,2,1]"
